{
    "name": "DAMM result",
    "K": 5,
    "M": 3,
    "Priors": [
        0.4672489082969432,
        0.05414847161572053,
        0.0890829694323144,
        0.1467248908296943,
        0.2427947598253275
    ],
    "Mu": [
        0.5259990980548225,
        0.26037787313670774,
        0.21760970288500636,
        0.6986481530672027,
        0.10371031787387792,
        0.08288493449132524,
        0.7358044856359323,
        -0.006981067852018313,
        0.08234828975568344,
        0.6218448558261696,
        -0.15670055305212985,
        0.06824705521611123,
        0.4833666074194221,
        -0.24703454955592172,
        0.24925031713142268
    ],
    "Sigma": [
        0.011165283620357513,
        -0.019262101501226425,
        -0.0034480576869100332,
        -0.019262101501226425,
        0.034157201647758484,
        0.005206581205129623,
        -0.0034480576869100332,
        0.005206581205129623,
        0.01129191741347313,
        0.0003363898431416601,
        -0.00025081998319365084,
        -5.455647988128476e-05,
        -0.00025081998319365084,
        0.00019315208191983402,
        3.6677258322015405e-05,
        -5.455647988128476e-05,
        3.6677258322015405e-05,
        1.1951769920415245e-05,
        6.519076578115346e-06,
        -2.873463472496951e-06,
        9.413749353370804e-07,
        -2.873463472496951e-06,
        0.002284232759848237,
        -7.2466323217668105e-06,
        9.413749353370804e-07,
        -7.2466323217668105e-06,
        2.951594240130362e-07,
        0.002668503439053893,
        0.0005519019323401153,
        2.2172558601596393e-05,
        0.0005519019323401153,
        0.00011717656161636114,
        4.176582478976343e-06,
        2.2172558601596393e-05,
        4.176582478976343e-06,
        1.794399031496141e-05,
        0.0006672357558272779,
        0.0018444362794980407,
        -0.0018848503241315484,
        0.0018444362794980407,
        0.0057676369324326515,
        -0.004419460892677307,
        -0.0018848503241315484,
        -0.004419460892677307,
        0.006706119515001774
    ]
}