{
    "name": "DAMM result",
    "K": 5,
    "M": 2,
    "Priors": [
        0.11711711711711711,
        0.0970970970970971,
        0.11411411411411411,
        0.3793793793793794,
        0.2922922922922923
    ],
    "Mu": [
        -43.29093556139139,
        -1.2175485576450449,
        -39.22291299622445,
        9.759602630346917,
        -33.404944403500046,
        24.155571208240506,
        -19.744115151053244,
        30.58655926670981,
        -3.8299914318715214,
        8.20777148731376
    ],
    "Sigma": [
        0.36508822441101074,
        1.1672378778457642,
        1.1672378778457642,
        3.752436876296997,
        2.554748296737671,
        6.254515647888184,
        6.254515647888184,
        15.315056800842285,
        2.7346079349517822,
        7.085692882537842,
        7.085692882537842,
        18.38648223876953,
        35.270755767822266,
        -26.10594940185547,
        -26.10594940185547,
        27.123140335083008,
        7.872179985046387,
        -16.728271484375,
        -16.728271484375,
        35.87767028808594
    ]
}