{
    "name": "DAMM result",
    "K": 11,
    "M": 2,
    "Priors": [
        0.13413413413413414,
        0.05005005005005005,
        0.04704704704704705,
        0.06606606606606606,
        0.037037037037037035,
        0.05105105105105105,
        0.03403403403403404,
        0.0940940940940941,
        0.1041041041041041,
        0.1991991991991992,
        0.1831831831831832
    ],
    "Mu": [
        -13.188470953490906,
        2.7951390690537097,
        -19.10649465716421,
        2.8398227595308816,
        -24.236145387741182,
        2.14144576974515,
        -27.931027735906415,
        -0.5663289621102783,
        -28.33629844793033,
        -4.4962837427717925,
        -25.526843209418146,
        -8.319002785752579,
        -20.783118548122246,
        -11.342065639874129,
        -11.4321287740679,
        -12.866663945196091,
        1.9603514215836362,
        -13.314284579017677,
        11.033776233670945,
        -5.5640489149054515,
        2.9946020775469866,
        -0.3790724178312213
    ],
    "Sigma": [
        6.3554863929748535,
        -0.1237257793545723,
        -0.1237257793545723,
        0.0027883024886250496,
        3.650298595428467,
        0.09375035017728806,
        0.09375035017728806,
        0.00441405177116394,
        1.5422474145889282,
        0.4474148452281952,
        0.4474148452281952,
        0.1340896189212799,
        0.6376696228981018,
        0.9894180297851562,
        0.9894180297851562,
        1.7127963304519653,
        0.13782182335853577,
        -0.3221226632595062,
        -0.3221226632595062,
        0.7834110856056213,
        1.7808325290679932,
        -1.7354466915130615,
        -1.7354466915130615,
        1.7134013175964355,
        1.9046194553375244,
        -0.6560438275337219,
        -0.6560438275337219,
        0.23050841689109802,
        16.053279876708984,
        -1.543708086013794,
        -1.543708086013794,
        0.15032866597175598,
        14.724693298339844,
        1.3852378129959106,
        1.3852378129959106,
        0.20982752740383148,
        1.8707777261734009,
        -0.9055856466293335,
        -0.9055856466293335,
        11.89893627166748,
        7.24635648727417,
        -0.9340206384658813,
        -0.9340206384658813,
        0.12056192755699158
    ]
}